subzone,planning_area,region,min_longitude,max_longitude,min_latitude,max_latitude
DEPOT ROAD,BUKIT MERAH,CENTRAL REGION,103.80125689818,103.817736334915,1.28003747873544,1.28410255037094
BUKIT MERAH,BUKIT MERAH,CENTRAL REGION,103.813055974868,103.823718606766,1.27882087293724,1.28514928322875
CHINATOWN,OUTRAM,CENTRAL REGION,103.839596021287,103.849187864849,1.27415461218813,1.28524827271457
PHILLIP,DOWNTOWN CORE,CENTRAL REGION,103.847183312105,103.849947738611,1.28390796817628,1.28641468933831
RAFFLES PLACE,DOWNTOWN CORE,CENTRAL REGION,103.848523006124,103.853211868892,1.28077114754531,1.28650593484075
CHINA SQUARE,OUTRAM,CENTRAL REGION,103.844002510241,103.8496564545,1.28220961254215,1.28651667838662
TIONG BAHRU,BUKIT MERAH,CENTRAL REGION,103.827487366926,103.835974522656,1.27907063158226,1.28740031867398
BAYFRONT SUBZONE,DOWNTOWN CORE,CENTRAL REGION,103.855213569956,103.861589647121,1.27804260794226,1.28788844095864
TIONG BAHRU STATION,BUKIT MERAH,CENTRAL REGION,103.823718606766,103.829490502174,1.28001346333425,1.28812398702608
CLIFFORD PIER,DOWNTOWN CORE,CENTRAL REGION,103.85200343548,103.858205043896,1.28172200828119,1.28821146738489
MARINA SOUTH,MARINA SOUTH,CENTRAL REGION,103.858426183958,103.872516358993,1.27283767831159,1.28884988006674
NICOLL,DOWNTOWN CORE,CENTRAL REGION,103.859423397836,103.869081503756,1.29386665174455,1.30436397576577
MARINA EAST,MARINA EAST,CENTRAL REGION,103.864452051454,103.881090228388,1.28045855477327,1.29552193193143
INSTITUTION HILL,RIVER VALLEY,CENTRAL REGION,103.832593877108,103.84214056639,1.2909668660564,1.29629142391699
ROBERTSON QUAY,SINGAPORE RIVER,CENTRAL REGION,103.83033814742,103.843746336317,1.28686010484024,1.29631112454712
JURONG ISLAND AND BUKOM,WESTERN ISLANDS,WEST REGION,103.653725125507,103.779073113153,1.21621458981212,1.2973631724667
FORT CANNING,MUSEUM,CENTRAL REGION,103.841936624117,103.849572174546,1.29008249009334,1.29741977815719
PEARL'S HILL,OUTRAM,CENTRAL REGION,103.834758273172,103.845304498129,1.28174399041853,1.28919114698307
BOAT QUAY,SINGAPORE RIVER,CENTRAL REGION,103.845304498129,103.85081600412,1.28543499416558,1.28981919274558
HENDERSON HILL,BUKIT MERAH,CENTRAL REGION,103.81896841882,103.826213044573,1.28188522231965,1.29116924028884
REDHILL,BUKIT MERAH,CENTRAL REGION,103.814158838377,103.819871719961,1.28375729134489,1.29152266860862
ALEXANDRA HILL,BUKIT MERAH,CENTRAL REGION,103.801590136596,103.816145692633,1.28305666218929,1.29249212331194
BUKIT HO SWEE,BUKIT MERAH,CENTRAL REGION,103.825512734945,103.83506234537,1.28601217953523,1.29271979063466
CLARKE QUAY,SINGAPORE RIVER,CENTRAL REGION,103.84120988306,103.848271093541,1.28651667838662,1.29303528930324
PASIR PANJANG 1,QUEENSTOWN,CENTRAL REGION,103.76737037986,103.787744233852,1.27833216350166,1.29371674538228
QUEENSWAY,QUEENSTOWN,CENTRAL REGION,103.792792076135,103.804354633046,1.28410255037094,1.29377443881266
MARINA EAST (MP),MARINE PARADE,CENTRAL REGION,103.875420895316,103.898803515157,1.28483922420557,1.29746210637663
SUDONG,WESTERN ISLANDS,WEST REGION,103.707106320408,103.742581079737,1.15869870063221,1.21349073208073
SEMAKAU,WESTERN ISLANDS,WEST REGION,103.755346532115,103.801554897105,1.18829781291127,1.21741064173668
SOUTHERN GROUP,SOUTHERN ISLANDS,CENTRAL REGION,103.831680834872,103.862762922041,1.21232570435503,1.24555510435752
SENTOSA,SOUTHERN ISLANDS,CENTRAL REGION,103.806698403633,103.848423497612,1.2378010518099,1.26020056157657
CITY TERMINALS,BUKIT MERAH,CENTRAL REGION,103.823734249057,103.852069900152,1.25480839877668,1.27510146874389
ANSON,DOWNTOWN CORE,CENTRAL REGION,103.841371815783,103.846137640401,1.27256375557071,1.27569373963363
STRAITS VIEW,STRAITS VIEW,CENTRAL REGION,103.851564418279,103.866428535583,1.26469941314553,1.27804260794226
MARITIME SQUARE,BUKIT MERAH,CENTRAL REGION,103.799210086843,103.826482939285,1.25831209892566,1.27833156286839
TELOK BLANGAH RISE,BUKIT MERAH,CENTRAL REGION,103.819524981353,103.829045796678,1.26986805549015,1.27862964965724
TANJONG PAGAR,DOWNTOWN CORE,CENTRAL REGION,103.843823603465,103.848146553957,1.27338758367636,1.27916043190735
EVERTON PARK,BUKIT MERAH,CENTRAL REGION,103.829045796678,103.842154517048,1.27239329468522,1.27976258246599
TELOK BLANGAH WAY,BUKIT MERAH,CENTRAL REGION,103.816694987717,103.823720658573,1.27460432274932,1.28043473155531
MAXWELL,DOWNTOWN CORE,CENTRAL REGION,103.844051122218,103.847225794937,1.27704744417562,1.28134044073723
CECIL,DOWNTOWN CORE,CENTRAL REGION,103.846811401294,103.851082048005,1.27513746990643,1.2818142391445
KAMPONG TIONG BAHRU,BUKIT MERAH,CENTRAL REGION,103.822087666047,103.83402220816,1.27510146874389,1.28188522231965
TELOK BLANGAH DRIVE,BUKIT MERAH,CENTRAL REGION,103.80196303673,103.817494849843,1.27082933511029,1.28212414896702
PASIR PANJANG 2,QUEENSTOWN,CENTRAL REGION,103.78578607764,103.80307872309,1.27269417847437,1.28240789831256
CENTRAL SUBZONE,DOWNTOWN CORE,CENTRAL REGION,103.845571336117,103.858426183958,1.26872044839808,1.28322007395973
SINGAPORE GENERAL HOSPITAL,BUKIT MERAH,CENTRAL REGION,103.829029010809,103.839614605855,1.27612279835162,1.28329013927765
BUGIS,DOWNTOWN CORE,CENTRAL REGION,103.852725081267,103.859423397836,1.29536537302661,1.30308646152874
VICTORIA,ROCHOR,CENTRAL REGION,103.850097641604,103.855853771506,1.29638401635408,1.3032533700627
PATERSON,RIVER VALLEY,CENTRAL REGION,103.829311224227,103.834835088044,1.29919623875684,1.30388521745705
EAST COAST,MARINE PARADE,CENTRAL REGION,103.898284756076,103.919508833671,1.2954428691547,1.30392767662758
NATIONAL UNIVERSITY OF S'PORE,QUEENSTOWN,CENTRAL REGION,103.768990965108,103.785969968577,1.28964947902201,1.30398439234732
ONE TREE HILL,RIVER VALLEY,CENTRAL REGION,103.823245995783,103.830799928515,1.29898301906394,1.30465839121414
COMMONWEALTH,QUEENSTOWN,CENTRAL REGION,103.797224801209,103.802265683522,1.30020299501425,1.30965285271448
DOVER,QUEENSTOWN,CENTRAL REGION,103.771207898843,103.787428951163,1.29738048394743,1.30978528636294
RIDOUT,TANGLIN,CENTRAL REGION,103.802283981872,103.822730422956,1.2967135103292,1.31081921461479
CAIRNHILL,NEWTON,CENTRAL REGION,103.833661342551,103.841247652815,1.30157530090153,1.31093478164752
CLEMENTI WEST,CLEMENTI,WEST REGION,103.756460482718,103.768018484399,1.29164957733389,1.31112545915549
MONK'S HILL,NEWTON,CENTRAL REGION,103.839894469646,103.844486865121,1.30279361714322,1.31148268990191
SIGLAP,BEDOK,EAST REGION,103.918259763487,103.935838552741,1.30182319871042,1.31151668139103
CLEMENTI WOODS,CLEMENTI,WEST REGION,103.763416890345,103.7722545781,1.29245688036974,1.31212307389273
PIONEER SECTOR,PIONEER,WEST REGION,103.649807783576,103.672793382168,1.28867572576302,1.31231732850575
PENJURU CRESCENT,JURONG EAST,WEST REGION,103.726292235938,103.757281154762,1.29650271540964,1.31278104409556
ORANGE GROVE,NEWTON,CENTRAL REGION,103.826731539552,103.833555343023,1.30712321907126,1.31293833687243
KAMPONG BUGIS,KALLANG,CENTRAL REGION,103.863981676748,103.877349766438,1.30332542165289,1.31318419842898
KENT RIDGE,QUEENSTOWN,CENTRAL REGION,103.782329128564,103.803127891742,1.27756035537741,1.29432089606045
ALEXANDRA NORTH,BUKIT MERAH,CENTRAL REGION,103.81536376184,103.826225258233,1.29057274689968,1.29436599578968
TANGLIN HALT,QUEENSTOWN,CENTRAL REGION,103.791419353684,103.80086407057,1.29377443881266,1.30777650885599
MACKENZIE,ROCHOR,CENTRAL REGION,103.84656035979,103.850481327757,1.30446092257968,1.30814124913959
SUNGEI ROAD,ROCHOR,CENTRAL REGION,103.853932573808,103.859459992333,1.30312490352836,1.3081936199523
ONE NORTH,QUEENSTOWN,CENTRAL REGION,103.783112613573,103.799008157814,1.28910803661987,1.3082725115487
TANJONG RHU,KALLANG,CENTRAL REGION,103.865227778311,103.885518482869,1.29417331879382,1.30830606783896
KATONG,MARINE PARADE,CENTRAL REGION,103.894419332158,103.909983251149,1.30193928403849,1.31332349984479
BOULEVARD,ORCHARD,CENTRAL REGION,103.827612576444,103.836612220481,1.30043333295958,1.30979273265488
ISTANA NEGARA,NEWTON,CENTRAL REGION,103.841182196533,103.848669582074,1.2995946396513,1.31049906549199
LITTLE INDIA,ROCHOR,CENTRAL REGION,103.850794975339,103.857144013259,1.3032533700627,1.31061788035554
GUL BASIN,PIONEER,WEST REGION,103.66527091036,103.681900005488,1.29357111733848,1.31062350500664
MARINA CENTRE,DOWNTOWN CORE,CENTRAL REGION,103.854154889385,103.865019543789,1.28764862308733,1.29858323486865
BRAS BASAH,MUSEUM,CENTRAL REGION,103.845965604449,103.852306218774,1.29250705883069,1.29914136047482
SOMERSET,ORCHARD,CENTRAL REGION,103.834835088044,103.843224172944,1.29823967931175,1.30474186318649
BENCOOLEN,ROCHOR,CENTRAL REGION,103.84915174551,103.853932573808,1.29834092955585,1.30490008111717
CHATSWORTH,TANGLIN,CENTRAL REGION,103.815976656856,103.831805537455,1.29193030036808,1.30499416993465
KAMPONG GLAM,ROCHOR,CENTRAL REGION,103.856956911946,103.862277274912,1.29978151432519,1.30500917719575
SELEGIE,ROCHOR,CENTRAL REGION,103.848801102263,103.850794975339,1.2995920830618,1.30516984081628
MOUNT EMILY,ROCHOR,CENTRAL REGION,103.845373082389,103.84975339713,1.29968979989803,1.30541405002644
ROCHOR CANAL,ROCHOR,CENTRAL REGION,103.854117148502,103.860195989691,1.30190259054947,1.3060092685265
MARGARET DRIVE,QUEENSTOWN,CENTRAL REGION,103.80086407057,103.816598169603,1.29152266860862,1.30724221295876
OXLEY,RIVER VALLEY,CENTRAL REGION,103.837185643488,103.843304828305,1.29440170547904,1.29927631415654
CITY HALL,DOWNTOWN CORE,CENTRAL REGION,103.848055141067,103.860348183631,1.28615361672323,1.29978151432519
MEI CHIN,QUEENSTOWN,CENTRAL REGION,103.799008157814,103.808381856314,1.28751843885221,1.30020299501425
LEONIE HILL,RIVER VALLEY,CENTRAL REGION,103.829949685244,103.838833393633,1.29560993081574,1.30043333295958
PORT,QUEENSTOWN,CENTRAL REGION,103.750225426525,103.801863376726,1.25501244843132,1.3013444628018
DHOBY GHAUT,MUSEUM,CENTRAL REGION,103.841357649147,103.849460270871,1.29647004605463,1.30173850926408
MACPHERSON,GEYLANG,CENTRAL REGION,103.879017046753,103.89096101911,1.32086047086513,1.33356017076325
KIM KEAT,TOA PAYOH,CENTRAL REGION,103.854740652295,103.862352303603,1.32910217362421,1.33423720056537
BEDOK NORTH,BEDOK,EAST REGION,103.919542600287,103.951852996277,1.32351890181346,1.33601227256862
TOA PAYOH CENTRAL,TOA PAYOH,CENTRAL REGION,103.83777075443,103.855540731168,1.32884614993549,1.33705051994564
JURONG GATEWAY,JURONG EAST,WEST REGION,103.737749667587,103.74772039675,1.32844646713867,1.33722216355493
HOLLAND ROAD,BUKIT TIMAH,CENTRAL REGION,103.770782701394,103.795550067246,1.31738404986504,1.33771655198315
KAMPONG UBI,GEYLANG,CENTRAL REGION,103.88887199887,103.905853113088,1.32293914611222,1.3377972386808
SENNETT,TOA PAYOH,CENTRAL REGION,103.868292896,103.879017046753,1.32781917668563,1.33785147429926
POTONG PASIR,TOA PAYOH,CENTRAL REGION,103.862001877494,103.870101079774,1.32810076785263,1.338576088249
TUAS NORTH,TUAS,WEST REGION,103.638891505422,103.663505662669,1.31453432442991,1.33899383027379
PEI CHUN,TOA PAYOH,CENTRAL REGION,103.853728774178,103.862240714363,1.33419147891494,1.33980833134751
BOON TECK,TOA PAYOH,CENTRAL REGION,103.849764567311,103.8563109764,1.33122983885658,1.3399557241982
KIAN TECK,JURONG WEST,WEST REGION,103.679344181482,103.709766896426,1.32775723005887,1.34044187353204
SAFTI,JURONG WEST,WEST REGION,103.674931902923,103.691851875207,1.3297198245157,1.34120052707629
FARRER PARK,ROCHOR,CENTRAL REGION,103.848763870426,103.855413567514,1.30490008111717,1.31362032308022
NEWTON CIRCUS,NEWTON,CENTRAL REGION,103.835553397635,103.842167260539,1.30874068118036,1.31449734685779
JURONG PORT,JURONG EAST,WEST REGION,103.709773441284,103.728839727598,1.29735588573742,1.31462139222155
ANG MO KIO TOWN CENTRE,ANG MO KIO,NORTH-EAST REGION,103.844698797608,103.84972892463,1.36878154590401,1.37734366888267
KEBUN BAHRU,ANG MO KIO,NORTH-EAST REGION,103.833005586749,103.845514988408,1.36909081165142,1.37799494219178
SERANGOON NORTH IND ESTATE,SERANGOON,NORTH-EAST REGION,103.858546119157,103.87176010055,1.36941673039585,1.37870227727522
TENGAH INDUSTRIAL ESTATE,TENGAH,WEST REGION,103.70624573365,103.727143032609,1.35544710977738,1.37181282034586
SAMULUN,BOON LAY,WEST REGION,103.694366374946,103.710078393839,1.29952626415486,1.31522218491819
SHIPYARD,BOON LAY,WEST REGION,103.681103660716,103.697819150547,1.2990746227579,1.31537932898732
GHIM MOH,QUEENSTOWN,CENTRAL REGION,103.783081322919,103.791516153423,1.30767011575001,1.31579900468811
LAVENDER,KALLANG,CENTRAL REGION,103.85436533166,103.864335094331,1.30599295905276,1.31682285391854
FRANKEL,BEDOK,EAST REGION,103.905087598532,103.934371820621,1.30554733713054,1.32415725526804
CLEMENTI NORTH,CLEMENTI,WEST REGION,103.760094512489,103.772266242723,1.311832403824,1.32434210145853
LEEDON PARK,BUKIT TIMAH,CENTRAL REGION,103.787511040494,103.806630927935,1.30691572967297,1.32493383559731
GEYLANG EAST,GEYLANG,CENTRAL REGION,103.88890367338,103.906706206982,1.3085887318522,1.32609083589147
TEBAN GARDENS,JURONG EAST,WEST REGION,103.734320410792,103.75290290621,1.30318738284672,1.32721196934048
JURONG RIVER,JURONG EAST,WEST REGION,103.719477306126,103.737895199037,1.31130944659503,1.32731069545153
GEYLANG BAHRU,KALLANG,CENTRAL REGION,103.86630809507,103.87564696645,1.31540775638347,1.32810076785263
GOODWOOD PARK,NEWTON,CENTRAL REGION,103.829802458382,103.837913681124,1.30892430117048,1.31736900749956
PANDAN,CLEMENTI,WEST REGION,103.7474665695,103.76231426243,1.29837169652092,1.3176020174625
SINGAPORE POLYTECHNIC,QUEENSTOWN,CENTRAL REGION,103.771201097073,103.785017825034,1.30563327003844,1.31873292512573
CLEMENTI CENTRAL,CLEMENTI,WEST REGION,103.75808271857,103.767850238379,1.30651421029749,1.31889835822609
KAMPONG JAVA,KALLANG,CENTRAL REGION,103.844324431123,103.857695904876,1.30662347541952,1.31950468011209
BOON KENG,KALLANG,CENTRAL REGION,103.868988786312,103.875918444485,1.3105157790009,1.3202135864137
KALLANG BAHRU,KALLANG,CENTRAL REGION,103.860335127703,103.870370483008,1.30874016043771,1.32035413216443
ULU PANDAN,BUKIT TIMAH,CENTRAL REGION,103.771145989977,103.793132103054,1.31032054390994,1.32100109233477
FARRER COURT,BUKIT TIMAH,CENTRAL REGION,103.799930238858,103.811744287131,1.31081921461479,1.32179423974944
NASSIM,TANGLIN,CENTRAL REGION,103.817045760641,103.835339825107,1.30507272471841,1.32203490553337
WEST COAST,CLEMENTI,WEST REGION,103.749768817593,103.760444825933,1.31038691355489,1.32194243102763
BAYSHORE,BEDOK,EAST REGION,103.933640123442,103.963634013985,1.30617092729292,1.32200094823513
BENOI SECTOR,PIONEER,WEST REGION,103.678581874836,103.696531879864,1.30978279135103,1.32274339461513
GUL CIRCLE,PIONEER,WEST REGION,103.655869525885,103.679120787438,1.30789210167211,1.32278533125046
TYERSALL,TANGLIN,CENTRAL REGION,103.803540830528,103.821297879974,1.30641775333476,1.32329481384986
MOULMEIN,NOVENA,CENTRAL REGION,103.835422277885,103.851347003963,1.31055623110787,1.32336766404334
LIU FANG,BOON LAY,WEST REGION,103.695874697159,103.720349217081,1.31358672414093,1.32358855385572
TANGLIN,ORCHARD,CENTRAL REGION,103.82266395001,103.82857453212,1.30267769394865,1.30727454431652
MARINE PARADE,MARINE PARADE,CENTRAL REGION,103.897103552276,103.919141246104,1.29746210637663,1.30747117756733
JOO KOON,PIONEER,WEST REGION,103.663505662669,103.696534846764,1.32179933528019,1.33104977652643
KALLANG WAY,GEYLANG,CENTRAL REGION,103.868743194687,103.881422957804,1.3202135864137,1.33129938981602
INTERNATIONAL BUSINESS PARK,JURONG EAST,WEST REGION,103.744480795109,103.75217826764,1.32193818771199,1.33159252917413
TUKANG,BOON LAY,WEST REGION,103.696508283264,103.721149183726,1.3214454928413,1.33165351635649
CORONATION ROAD,BUKIT TIMAH,CENTRAL REGION,103.792612757737,103.813351687912,1.32030593591266,1.33171337598736
KEMBANGAN,BEDOK,EAST REGION,103.904942362193,103.927295921568,1.31760221429615,1.33243324369505
DUNEARN,NOVENA,CENTRAL REGION,103.813356449178,103.828838884564,1.32074644683714,1.33245894641334
SUNSET WAY,CLEMENTI,WEST REGION,103.764008408999,103.775645043981,1.31872442506296,1.33287100065137
ANAK BUKIT,BUKIT TIMAH,CENTRAL REGION,103.76318337968,103.779394574814,1.32642673736498,1.3490164394126
SWISS CLUB,BUKIT TIMAH,CENTRAL REGION,103.777828259911,103.806444502535,1.33092123124858,1.3495432829389
XILIN,TAMPINES,EAST REGION,103.951853651276,103.984812458002,1.31411034937943,1.34968323113407
FABER,CLEMENTI,WEST REGION,103.749782636976,103.763107553525,1.31435323015377,1.32899795152048
MALCOLM,NOVENA,CENTRAL REGION,103.825442651375,103.841972182536,1.31727691778506,1.32884614993549
BEDOK SOUTH,BEDOK,EAST REGION,103.931846024246,103.959765229473,1.31415727192287,1.33006429937977
DEFU INDUSTRIAL PARK,HOUGANG,NORTH-EAST REGION,103.889702425012,103.905208340306,1.337796233955,1.36306019608307
CHANGI BAY,CHANGI BAY,EAST REGION,104.014801274567,104.084390970493,1.29086810297119,1.36053331933783
PAYA LEBAR EAST,PAYA LEBAR,EAST REGION,103.912995313888,103.930937898692,1.34227507357431,1.36797948957449
HONG KAH NORTH,BUKIT BATOK,WEST REGION,103.742174084354,103.751592422689,1.35644950561407,1.36905241548537
KOVAN,HOUGANG,NORTH-EAST REGION,103.873269444765,103.890937572971,1.35387774249936,1.36966690367837
CHONG BOON,ANG MO KIO,NORTH-EAST REGION,103.84972892463,103.860926845181,1.35551234779564,1.36986755623817
SERANGOON GARDEN,SERANGOON,NORTH-EAST REGION,103.856862882287,103.87635518151,1.3539107180702,1.37191153231536
HOUGANG CENTRAL,HOUGANG,NORTH-EAST REGION,103.886767633187,103.895851357222,1.36564402503632,1.37302101075418
LOYANG EAST,PASIR RIS,EAST REGION,103.966624524779,103.979988321168,1.36171518479922,1.37404498471652
DAIRY FARM,BUKIT PANJANG,WEST REGION,103.764453635012,103.779619133302,1.3634138236198,1.37434411944282
PASIR RIS DRIVE,PASIR RIS,EAST REGION,103.952740851764,103.966624524779,1.3602415167292,1.37554163995685
TAMPINES NORTH,TAMPINES,EAST REGION,103.930399136683,103.953227423083,1.3603551085991,1.37578206910344
CHENG SAN,ANG MO KIO,NORTH-EAST REGION,103.847742973757,103.860913080281,1.36902599633868,1.37673338283141
SEMBAWANG HILLS,ANG MO KIO,NORTH-EAST REGION,103.826300322895,103.83642258829,1.36747164235771,1.38104256190755
JELEBU,BUKIT PANJANG,WEST REGION,103.761240296186,103.771853384515,1.36944381552918,1.38111630975639
KEAT HONG,CHOA CHU KANG,WEST REGION,103.739135777711,103.753809849449,1.36905241548537,1.38148638290059
BENDEMEER,KALLANG,CENTRAL REGION,103.853373825352,103.868292896,1.31398045386684,1.33043906690859
BALESTIER,NOVENA,CENTRAL REGION,103.840577666048,103.8623523054,1.31849432508818,1.33052828707238
TUAS PROMENADE,TUAS,WEST REGION,103.620759358934,103.646655251141,1.30692281506932,1.35310408676841
SERANGOON CENTRAL,SERANGOON,NORTH-EAST REGION,103.862601933439,103.87807314769,1.34621004736059,1.35865646989034
BISHAN EAST,BISHAN,CENTRAL REGION,103.846439834006,103.860436960245,1.34320554673705,1.36032698165039
TAMPINES WEST,TAMPINES,EAST REGION,103.924970495932,103.9469265755,1.33601227256862,1.36042405234545
BRICKWORKS,BUKIT BATOK,WEST REGION,103.736507520991,103.748411978891,1.34975716368189,1.3627526553315
SERANGOON NORTH,SERANGOON,NORTH-EAST REGION,103.868290857412,103.876993689675,1.36966690367837,1.37894236868968
GUILIN,BUKIT BATOK,WEST REGION,103.747319251183,103.759985693207,1.34952171662394,1.36367216318718
WENYA,JURONG WEST,WEST REGION,103.69788285426,103.717391250682,1.34717402917043,1.36434849171587
NATURE RESERVE,BUKIT PANJANG,WEST REGION,103.767078107329,103.791656104689,1.3418566621854,1.36537811240641
TAMPINES EAST,TAMPINES,EAST REGION,103.938049272352,103.967568687991,1.34154764059511,1.36555847229589
LORONG AH SOO,HOUGANG,NORTH-EAST REGION,103.876493346538,103.893144480129,1.35088702188436,1.36564402503632
FLORA DRIVE,PASIR RIS,EAST REGION,103.961150235444,103.971868844512,1.35269872684324,1.36578420911555
HILLVIEW,BUKIT BATOK,WEST REGION,103.756831162035,103.770384023476,1.34662171696984,1.3659362304273
TOH TUCK,CLEMENTI,WEST REGION,103.748632013592,103.76450546227,1.32343766758729,1.34126703892121
MOUNT PLEASANT,NOVENA,CENTRAL REGION,103.816414485349,103.840577666048,1.32585353015626,1.34168369981719
HILLCREST,BUKIT TIMAH,CENTRAL REGION,103.797833811214,103.818618356237,1.32327381446575,1.34181088078044
JOO SENG,TOA PAYOH,CENTRAL REGION,103.875637720082,103.88887199887,1.33129938981602,1.3420553845965
CHIN BEE,JURONG WEST,WEST REGION,103.708106331904,103.718865244859,1.32818502014117,1.34286663169766
LORONG 8 TOA PAYOH,TOA PAYOH,CENTRAL REGION,103.85233217627,103.862001877494,1.33782143868834,1.34340343150334
TOH GUAN,JURONG EAST,WEST REGION,103.740265857248,103.749780916822,1.32900750877672,1.34364753414284
SIMEI,TAMPINES,EAST REGION,103.940335295665,103.964068499858,1.33006332354084,1.35059898339286
BOON LAY PLACE,JURONG WEST,WEST REGION,103.705142257032,103.716245276133,1.34044187353204,1.35171473902159
BUKIT BATOK EAST,BUKIT BATOK,WEST REGION,103.752749655685,103.760839840671,1.34547038289068,1.35179614315358
BUKIT BATOK WEST,BUKIT BATOK,WEST REGION,103.737264096711,103.746974149335,1.34364753414284,1.35211184286555
BUKIT BATOK CENTRAL,BUKIT BATOK,WEST REGION,103.744519964431,103.757624124754,1.34405308193446,1.35236858971186
UPPER PAYA LEBAR,SERANGOON,NORTH-EAST REGION,103.870644379146,103.885061957069,1.34085981450117,1.35243117031038
TAI SENG,HOUGANG,NORTH-EAST REGION,103.879225265559,103.896175301832,1.33356017076325,1.35254221838122
TENGEH,TUAS,WEST REGION,103.637159034638,103.667721468382,1.32278533125046,1.35274080759965
YUHUA WEST,JURONG EAST,WEST REGION,103.72808546317,103.737264096711,1.34105680440596,1.35360920936584
BRADDELL,TOA PAYOH,CENTRAL REGION,103.846073859366,103.853621288535,1.33650190390754,1.34402413023203
BIDADARI,TOA PAYOH,CENTRAL REGION,103.870560701409,103.881402641494,1.33758703531555,1.3443142119478
WOODLEIGH,TOA PAYOH,CENTRAL REGION,103.860436960245,103.870779026504,1.33482621161929,1.34432673324067
TAMAN JURONG,JURONG WEST,WEST REGION,103.715869419505,103.726014840195,1.32358855385572,1.34491716431998
LAKESIDE (LEISURE),JURONG EAST,WEST REGION,103.721391322675,103.734895306147,1.32503230718293,1.34502168138454
TOA PAYOH WEST,TOA PAYOH,CENTRAL REGION,103.83598820339,103.848533033332,1.3338613582791,1.34508212688909
KAKI BUKIT,BEDOK,EAST REGION,103.896176177952,103.919542600287,1.32609083589147,1.34524273329796
YUHUA EAST,JURONG EAST,WEST REGION,103.73405550348,103.745296087219,1.33328153387877,1.34600303693591
BUKIT BATOK SOUTH,BUKIT BATOK,WEST REGION,103.745296087219,103.767134678923,1.33245311580807,1.34671264403441
JURONG WEST CENTRAL,JURONG WEST,WEST REGION,103.694989632961,103.709398655417,1.33482764644405,1.34717402917043
BEDOK RESERVOIR,BEDOK,EAST REGION,103.917955386031,103.940335295665,1.33243324369505,1.34858506539201
LOWER SELETAR,YISHUN,NORTH REGION,103.82744830649,103.867421871155,1.39420213032305,1.42763194965809
NORTHSHORE,PUNGGOL,NORTH-EAST REGION,103.897324798551,103.914583043808,1.40950361674181,1.42150795555331
MANDAI ESTATE,MANDAI,NORTH REGION,103.823119515365,103.826853695262,1.42383920333214,1.42914950985009
YISHUN CENTRAL,YISHUN,NORTH REGION,103.835013861146,103.840797586432,1.42290340116088,1.43040548821269
PASIR RIS CENTRAL,PASIR RIS,EAST REGION,103.938434448515,103.954099318824,1.36555847229589,1.37921057576304
GOMBAK,BUKIT BATOK,WEST REGION,103.748486119011,103.766787422876,1.35893061274931,1.37966946108759
PAYA LEBAR NORTH,PAYA LEBAR,EAST REGION,103.919442404871,103.931887654435,1.36610999204309,1.38016798727398
HOUGANG EAST,HOUGANG,NORTH-EAST REGION,103.892756794805,103.903596082644,1.3703768684191,1.38034417958432
LORONG HALUS,HOUGANG,NORTH-EAST REGION,103.895833221676,103.910045290765,1.36179870175916,1.38041414192465
KANGKAR,HOUGANG,NORTH-EAST REGION,103.890937572971,103.905203926362,1.36148615905214,1.3804342407435
CHANGI WEST,CHANGI,EAST REGION,103.96428702503,103.990923384372,1.3414435530668,1.38925599697994
HOLLAND DRIVE,QUEENSTOWN,CENTRAL REGION,103.791064205659,103.798741958186,1.30333575506505,1.31339074261398
HOUGANG WEST,HOUGANG,NORTH-EAST REGION,103.87635518151,103.892836121086,1.36782932653731,1.38211115126027
PAYA LEBAR WEST,PAYA LEBAR,EAST REGION,103.905208340306,103.919936249767,1.36306019608307,1.38236489930321
BANGKIT,BUKIT PANJANG,WEST REGION,103.770010611102,103.778374567066,1.36997110874461,1.38450473909702
LORONG HALUS NORTH,SENGKANG,NORTH-EAST REGION,103.904744466288,103.917498521266,1.37585613524189,1.38592636032701
PENG SIANG,CHOA CHU KANG,WEST REGION,103.732666672394,103.743334772583,1.37270292030272,1.38661265871603
PASIR RIS WEST,PASIR RIS,EAST REGION,103.931888570062,103.948714969438,1.3725045718715,1.38682456447349
YIO CHU KANG WEST,ANG MO KIO,NORTH-EAST REGION,103.834223276182,103.844729610929,1.37708001306484,1.38777513995931
CHANGI POINT,CHANGI,EAST REGION,103.973327332819,103.990518801292,1.38724316650097,1.39378077229945
SENGKANG TOWN CENTRE,SENGKANG,NORTH-EAST REGION,103.891340083815,103.903583417291,1.38295883145817,1.39998006491821
ANCHORVALE,SENGKANG,NORTH-EAST REGION,103.881451500961,103.895958160257,1.38657918926061,1.40120639355032
SENGKANG WEST,SENGKANG,NORTH-EAST REGION,103.852388191451,103.869173271934,1.38820877424031,1.40123180011301
FERNVALE,SENGKANG,NORTH-EAST REGION,103.868822849996,103.88682090259,1.38733294218739,1.40140512970434
PUNGGOL FIELD,PUNGGOL,NORTH-EAST REGION,103.903583417291,103.91921334515,1.38592636032701,1.40291168940615
YEW TEE,CHOA CHU KANG,WEST REGION,103.742833705425,103.752849550549,1.39623322946123,1.40548795522476
PASIR RIS WAFER FAB PARK,PASIR RIS,EAST REGION,103.914325830812,103.943755071881,1.37578164039737,1.4011805924595
TRAFALGAR,HOUGANG,NORTH-EAST REGION,103.873109662602,103.889441334039,1.37296939395392,1.38869405848137
TECK WHYE,CHOA CHU KANG,WEST REGION,103.74857539238,103.761240296186,1.37627853404108,1.38902835436675
CHOA CHU KANG CENTRAL,CHOA CHU KANG,WEST REGION,103.741569578437,103.753890875792,1.37862478545246,1.38980091335673
FAJAR,BUKIT PANJANG,WEST REGION,103.76685253325,103.775183690632,1.37853533814808,1.39046005397502
SENJA,BUKIT PANJANG,WEST REGION,103.755129477449,103.764434417418,1.37966946108759,1.3906734419922
SAUJANA,BUKIT PANJANG,WEST REGION,103.762360509816,103.770852188018,1.3803749239968,1.39080825284154
SELETAR HILLS,SERANGOON,NORTH-EAST REGION,103.85811147785,103.876915723295,1.3765500873205,1.39111169772826
COMPASSVALE,SENGKANG,NORTH-EAST REGION,103.880727181093,103.898508219552,1.3793838832377,1.39195309312703
YIO CHU KANG EAST,ANG MO KIO,NORTH-EAST REGION,103.846408300187,103.858546119157,1.37580511585729,1.39238508051245
YIO CHU KANG,ANG MO KIO,NORTH-EAST REGION,103.841613323129,103.85026086,1.37674093809742,1.39238663178172
LOYANG WEST,PASIR RIS,EAST REGION,103.963733853961,103.97866499787,1.36578420911555,1.38763244829958
TAGORE,ANG MO KIO,NORTH-EAST REGION,103.816735949415,103.841661785308,1.37771116270495,1.39434085820421
PASIR RIS PARK,PASIR RIS,EAST REGION,103.938282736816,103.966792637528,1.37289359172815,1.3890545258245
CHOA CHU KANG NORTH,CHOA CHU KANG,WEST REGION,103.740162979201,103.753320828677,1.38661265871603,1.39676857017024
RIVERVALE,SENGKANG,NORTH-EAST REGION,103.896871158715,103.914325830812,1.37937979833313,1.39687301923718
YIO CHU KANG NORTH,ANG MO KIO,NORTH-EAST REGION,103.83385902483,103.858112865153,1.3878093582141,1.39774277280228
YUNNAN,JURONG WEST,WEST REGION,103.684265082657,103.705142257032,1.33483238529602,1.35507433023024
LORONG CHUAN,SERANGOON,NORTH-EAST REGION,103.856857524412,103.871475386024,1.34269686503065,1.35551234779564
HONG KAH,JURONG WEST,WEST REGION,103.711974939869,103.728161683197,1.34286663169766,1.35595168158052
SELETAR,SELETAR,NORTH-EAST REGION,103.868046410027,103.896878887495,1.40103194054593,1.41877135952551
PANG SUA,SUNGEI KADUT,NORTH REGION,103.739549625035,103.754931388766,1.402816178126,1.42226806811846
SELETAR AEROSPACE PARK,SELETAR,NORTH-EAST REGION,103.854766200171,103.877984320042,1.40046243832134,1.42573811976619
KHATIB,YISHUN,NORTH REGION,103.8230796738,103.835013861146,1.41008315707532,1.42629553258247
MANDAI WEST,MANDAI,NORTH REGION,103.771266273856,103.805776584821,1.40991226731615,1.4265623239491
CONEY ISLAND,PUNGGOL,NORTH-EAST REGION,103.914576891573,103.931173802815,1.40013258698712,1.4173627792563
YISHUN SOUTH,YISHUN,NORTH REGION,103.829723096843,103.844983307479,1.41002924968145,1.42705714052186
RESERVOIR VIEW,SUNGEI KADUT,NORTH REGION,103.736997928316,103.752869814101,1.41579333937103,1.44630977298958
WOODLANDS EAST,WOODLANDS,NORTH REGION,103.792423754835,103.811700290817,1.432293082762,1.45033731822211
SEMBAWANG CENTRAL,SEMBAWANG,NORTH REGION,103.811700290817,103.823713449548,1.44098810241065,1.45201649400367
GREENWOOD PARK,WOODLANDS,NORTH REGION,103.777288892971,103.792423754835,1.44114662566398,1.45209408737008
SEMBAWANG EAST,SEMBAWANG,NORTH REGION,103.826416596488,103.836694146216,1.44191047344152,1.45338381636231
SENOKO WEST,WOODLANDS,NORTH REGION,103.790372430058,103.802911774062,1.44605905431456,1.45667100930226
MATILDA,PUNGGOL,NORTH-EAST REGION,103.886807478702,103.906289056177,1.39687301923718,1.40789505247306
WATERWAY EAST,PUNGGOL,NORTH-EAST REGION,103.906289056177,103.924235983231,1.39361058124875,1.40950361674181
GALI BATU,SUNGEI KADUT,NORTH REGION,103.751978366308,103.774450261573,1.38885730652052,1.41187406584207
CRAWFORD,KALLANG,CENTRAL REGION,103.859475414826,103.86615315253,1.30158224223129,1.30711219395374
TUAS BAY,TUAS,WEST REGION,103.631495173623,103.65820360108,1.29097896166562,1.33068990222551
TUAS VIEW,TUAS,WEST REGION,103.621746742086,103.641691859105,1.28851029706217,1.32180307587491
BAHAR,WESTERN WATER CATCHMENT,WEST REGION,103.694098444862,103.704261732195,1.35507433023024,1.36462546045663
CLEANTECH,WESTERN WATER CATCHMENT,WEST REGION,103.689779057141,103.69788285426,1.34606829830556,1.35913110260018
LAKESIDE (BUSINESS),JURONG EAST,WEST REGION,103.728440880357,103.74576111131,1.32337455659711,1.33711903389654
PARK,TENGAH,WEST REGION,103.722963955316,103.742056247327,1.35794129441012,1.37102344092442
BRICKLAND,TENGAH,WEST REGION,103.737550778725,103.748486119011,1.36260685935604,1.37418625892406
FOREST HILL,TENGAH,WEST REGION,103.724612745586,103.737801418401,1.36807936702013,1.37893425727459
PLANTATION,TENGAH,WEST REGION,103.728142626668,103.738291740347,1.34600303693591,1.36080158020669
GARDEN,TENGAH,WEST REGION,103.723030418757,103.734941927921,1.35360920936584,1.36231137448165
AIRPORT ROAD,PAYA LEBAR,EAST REGION,103.893497154504,103.901437673607,1.34677445583907,1.35709894780377
NORTH COAST,WOODLANDS,NORTH REGION,103.764395617375,103.797573335359,1.43967888850961,1.46204459808963
SPRINGLEAF,YISHUN,NORTH REGION,103.817163827272,103.833637469254,1.39291146661655,1.4134110201552
PUNGGOL TOWN CENTRE,PUNGGOL,NORTH-EAST REGION,103.892934534304,103.909738184847,1.40291168940615,1.41470552071083
PUNGGOL CANAL,PUNGGOL,NORTH-EAST REGION,103.909738184847,103.929034998242,1.39794141647453,1.41617512350048
CENTRAL WATER CATCHMENT,CENTRAL WATER CATCHMENT,NORTH REGION,103.771681747062,103.837076151969,1.33578740826503,1.41621404648798
SEMBAWANG STRAITS,SEMBAWANG,NORTH REGION,103.824393485593,103.847813914038,1.45138528710452,1.46481587724888
THE WHARVES,SEMBAWANG,NORTH REGION,103.812760667991,103.836402631489,1.45841679567813,1.47077483208609
SENOKO NORTH,SEMBAWANG,NORTH REGION,103.79179164934,103.815867611816,1.45552062056938,1.47067394507432
CHANGI AIRPORT,CHANGI,EAST REGION,103.970674822376,104.033444576845,1.30945959222218,1.3922601874373
PEOPLE'S PARK,OUTRAM,CENTRAL REGION,103.838141186973,103.843354932579,1.27980700573053,1.28476692700367
MOUNTBATTEN,MARINE PARADE,CENTRAL REGION,103.883799857194,103.898284756076,1.29557889448629,1.30954353669359
ALJUNIED,GEYLANG,CENTRAL REGION,103.874703501508,103.89234684221,1.30453938816488,1.32293914611222
PULAU PUNGGOL TIMOR,SELETAR,NORTH-EAST REGION,103.882963273214,103.897834301121,1.41371654204338,1.4254360613667
TURF CLUB,SUNGEI KADUT,NORTH REGION,103.752851594121,103.771681747062,1.40999116048735,1.43142601179731
WOODLANDS SOUTH,WOODLANDS,NORTH REGION,103.786350382075,103.803508351064,1.42256624004037,1.4352872055941
WOODGROVE,WOODLANDS,NORTH REGION,103.768893584365,103.78848001712,1.42150757970096,1.43533266017871
YISHUN EAST,YISHUN,NORTH REGION,103.838726529596,103.854975995143,1.41839912184422,1.43717631702738
MURAI,WESTERN WATER CATCHMENT,WEST REGION,103.638793474676,103.746017612841,1.32798785772944,1.43506280381839
PULAU PUNGGOL BARAT,SELETAR,NORTH-EAST REGION,103.867244061106,103.888123736167,1.41731182806706,1.43199038605029
PULAU SELETAR,SIMPANG,NORTH REGION,103.857479185856,103.872651867743,1.43533600849437,1.45275928798492
ADMIRALTY,SEMBAWANG,NORTH REGION,103.819069193074,103.83189703146,1.44500034511833,1.45950871631992
LIM CHU KANG,LIM CHU KANG,NORTH REGION,103.69301472826,103.743596138723,1.41106801748416,1.45130627136732
SIMPANG NORTH,SIMPANG,NORTH REGION,103.833063944241,103.858273235653,1.43552760497839,1.4601685146129
SENOKO SOUTH,SEMBAWANG,NORTH REGION,103.800496797263,103.8127162266,1.44427776042816,1.46244195086355
SEMBAWANG NORTH,SEMBAWANG,NORTH REGION,103.809500903006,103.822778770774,1.44753604671759,1.46400230538383
TANJONG IRAU,SIMPANG,NORTH REGION,103.846145180886,103.858370039766,1.44856966458858,1.46052388333954
YISHUN WEST,YISHUN,NORTH REGION,103.825797275844,103.83537544462,1.42286245846617,1.44191047344152
WOODLANDS REGIONAL CENTRE,WOODLANDS,NORTH REGION,103.779281711529,103.789041222974,1.43435932277003,1.44359078891532
NORTH-EASTERN ISLANDS,NORTH-EASTERN ISLANDS,NORTH-EAST REGION,103.92637323791,104.088483065163,1.33750605037086,1.44069791371148
SIMPANG SOUTH,SIMPANG,NORTH REGION,103.846302483298,103.865362148079,1.42447830842098,1.44387815859106
NORTHLAND,YISHUN,NORTH REGION,103.83072384541,103.845660108745,1.43013558621944,1.44561614164144
MIDVIEW,WOODLANDS,NORTH REGION,103.785059275756,103.795899271582,1.43382062220997,1.44605905431456
WOODLANDS WEST,WOODLANDS,NORTH REGION,103.768449119567,103.7832538887,1.43142601179731,1.44677364813777
SEMBAWANG SPRINGS,SEMBAWANG,NORTH REGION,103.817891606622,103.83072384541,1.43504876484704,1.44799225325349
KRANJI,SUNGEI KADUT,NORTH REGION,103.750620103598,103.768893584365,1.42226806811846,1.4449598985929
PLAB,PAYA LEBAR,EAST REGION,103.897939725263,103.925119239605,1.33870037197791,1.38017435336295
MANDAI EAST,MANDAI,NORTH REGION,103.794969199538,103.826852493762,1.4134110201552,1.44427776042816
NEE SOON,YISHUN,NORTH REGION,103.805776584821,103.8230796738,1.39434085820421,1.41542854682013
UPPER THOMSON,BISHAN,CENTRAL REGION,103.818537169799,103.842966122963,1.34199593644657,1.36799422300831
SHANGRI-LA,ANG MO KIO,NORTH-EAST REGION,103.830941247587,103.845420246593,1.36428676642962,1.37154602581757
TOWNSVILLE,ANG MO KIO,NORTH-EAST REGION,103.842966631553,103.852926641624,1.36032698165039,1.36909081165142
MARYMOUNT,BISHAN,CENTRAL REGION,103.838994255135,103.852267281868,1.3434898595355,1.36428680712807
TUAS VIEW EXTENSION,TUAS,WEST REGION,103.605700705134,103.658575326731,1.21024006127197,1.30810284808711
